mes_disp,uf,enquadramento,sum,count
202004,AC,BOLSA FAMILIA,99707400.0,132880
202004,AC,CADUNICO,26402400.0,39308
202004,AC,EXTRACAD,50859600.0,77362
202004,AL,BOLSA FAMILIA,429446400.0,537794
202004,AL,CADUNICO,114874800.0,172346
202004,AL,EXTRACAD,183459600.0,279262
202004,AM,BOLSA FAMILIA,448988400.0,563767
202004,AM,CADUNICO,131907600.0,192650
202004,AM,EXTRACAD,264045600.0,395363
202004,AP,BOLSA FAMILIA,87770400.0,101577
202004,AP,CADUNICO,34339800.0,47748
202004,AP,EXTRACAD,62690400.0,93259
202004,BA,BOLSA FAMILIA,1928405400.0,2511730
202004,BA,CADUNICO,607157400.0,922066
202004,BA,EXTRACAD,829182000.0,1280198
202004,CE,BOLSA FAMILIA,1175404200.0,1547334
202004,CE,CADUNICO,398316000.0,612299
202004,CE,EXTRACAD,469212000.0,724153
202004,DF,BOLSA FAMILIA,87089400.0,99890
202004,DF,CADUNICO,42867000.0,60731
202004,DF,EXTRACAD,219717000.0,319567
202004,ES,BOLSA FAMILIA,203392200.0,259031
202004,ES,CADUNICO,147768000.0,226107
202004,ES,EXTRACAD,259523400.0,390324
202004,GO,BOLSA FAMILIA,315286800.0,369547
202004,GO,CADUNICO,257768400.0,380407
202004,GO,EXTRACAD,507501000.0,756002
202004,MA,BOLSA FAMILIA,1017933000.0,1277318
202004,MA,CADUNICO,250696800.0,377581
202004,MA,EXTRACAD,358161600.0,561286
202004,MG,BOLSA FAMILIA,1089543000.0,1396708
202004,MG,CADUNICO,746652600.0,1137536
202004,MG,EXTRACAD,1236334200.0,1887356
202004,MS,BOLSA FAMILIA,129660600.0,155251
202004,MS,CADUNICO,128993400.0,191731
202004,MS,EXTRACAD,162640200.0,239938
202004,MT,BOLSA FAMILIA,161812200.0,189332
202004,MT,CADUNICO,158419800.0,234311
202004,MT,EXTRACAD,234375600.0,342931
202004,PA,BOLSA FAMILIA,1047931800.0,1316809
202004,PA,CADUNICO,360557400.0,537660
202004,PA,EXTRACAD,508345200.0,778808
202004,PB,BOLSA FAMILIA,545764800.0,718117
202004,PB,CADUNICO,142095000.0,216983
202004,PB,EXTRACAD,205288800.0,319861
202004,PE,BOLSA FAMILIA,1222029600.0,1535879
202004,PE,CADUNICO,391162800.0,588969
202004,PE,EXTRACAD,522684000.0,803289
202004,PI,BOLSA FAMILIA,477511800.0,634488
202004,PI,CADUNICO,119708400.0,183211
202004,PI,EXTRACAD,171492600.0,266674
202004,PR,BOLSA FAMILIA,375892800.0,475950
202004,PR,CADUNICO,433803000.0,654194
202004,PR,EXTRACAD,663988800.0,997423
202004,RJ,BOLSA FAMILIA,978014400.0,1154037
202004,RJ,CADUNICO,424946400.0,616242
202004,RJ,EXTRACAD,1341408000.0,2001743
202004,RN,BOLSA FAMILIA,392938200.0,513966
202004,RN,CADUNICO,144090000.0,221851
202004,RN,EXTRACAD,197263800.0,296733
202004,RO,BOLSA FAMILIA,88742400.0,110801
202004,RO,CADUNICO,84738000.0,128057
202004,RO,EXTRACAD,123958200.0,181586
202004,RR,BOLSA FAMILIA,54662400.0,69363
202004,RR,CADUNICO,26971800.0,38874
202004,RR,EXTRACAD,40960800.0,59701
202004,RS,BOLSA FAMILIA,371367600.0,449745
202004,RS,CADUNICO,262010400.0,385960
202004,RS,EXTRACAD,649024800.0,951877
202004,SC,BOLSA FAMILIA,121572000.0,152434
202004,SC,CADUNICO,126084600.0,185852
202004,SC,EXTRACAD,445587000.0,650589
202004,SE,BOLSA FAMILIA,297143400.0,374231
202004,SE,CADUNICO,94925400.0,142814
202004,SE,EXTRACAD,126175800.0,194697
202004,SP,BOLSA FAMILIA,1587055200.0,1901100
202004,SP,CADUNICO,1277029200.0,1865537
202004,SP,EXTRACAD,2915779200.0,4365985
202004,TO,BOLSA FAMILIA,124508400.0,159297
202004,TO,CADUNICO,83745600.0,128186
202004,TO,EXTRACAD,85434600.0,130204
202005,AC,BOLSA FAMILIA,104431200.0,140373
202005,AC,CADUNICO,25318200.0,37595
202005,AC,EXTRACAD,76082400.0,116570
202005,AL,BOLSA FAMILIA,440046000.0,554025
202005,AL,CADUNICO,111381000.0,166814
202005,AL,EXTRACAD,270951600.0,416281
202005,AM,BOLSA FAMILIA,467717400.0,592961
202005,AM,CADUNICO,126787200.0,184546
202005,AM,EXTRACAD,391230600.0,591290
202005,AP,BOLSA FAMILIA,90379200.0,105415
202005,AP,CADUNICO,33588000.0,46590
202005,AP,EXTRACAD,89450400.0,134417
202005,BA,BOLSA FAMILIA,1982465400.0,2595738
202005,BA,CADUNICO,588940200.0,892994
202005,BA,EXTRACAD,1212430200.0,1883163
202005,CE,BOLSA FAMILIA,1197768600.0,1581639
202005,CE,CADUNICO,380915400.0,585088
202005,CE,EXTRACAD,686655000.0,1067875
202005,DF,BOLSA FAMILIA,87927600.0,100789
202005,DF,CADUNICO,40587600.0,57136
202005,DF,EXTRACAD,324301200.0,480696
202005,ES,BOLSA FAMILIA,206640000.0,263346
202005,ES,CADUNICO,143157000.0,218816
202005,ES,EXTRACAD,410967600.0,627900
202005,GO,BOLSA FAMILIA,323901600.0,381570
202005,GO,CADUNICO,248680800.0,366166
202005,GO,EXTRACAD,795237000.0,1203180
202005,MA,BOLSA FAMILIA,1060632600.0,1342904
202005,MA,CADUNICO,242914800.0,365137
202005,MA,EXTRACAD,520800600.0,818367
202005,MG,BOLSA FAMILIA,1117621800.0,1436707
202005,MG,CADUNICO,716789400.0,1090420
202005,MG,EXTRACAD,1922018400.0,2967122
202005,MS,BOLSA FAMILIA,132165600.0,158880
202005,MS,CADUNICO,122146200.0,181014
202005,MS,EXTRACAD,256330200.0,383239
202005,MT,BOLSA FAMILIA,166518000.0,195784
202005,MT,CADUNICO,152754600.0,225450
202005,MT,EXTRACAD,369312600.0,549372
202005,PA,BOLSA FAMILIA,1083770400.0,1373269
202005,PA,CADUNICO,351349800.0,523035
202005,PA,EXTRACAD,732537600.0,1128356
202005,PB,BOLSA FAMILIA,559050000.0,739014
202005,PB,CADUNICO,134796600.0,205714
202005,PB,EXTRACAD,299437800.0,469483
202005,PE,BOLSA FAMILIA,1239574800.0,1564131
202005,PE,CADUNICO,371574000.0,558289
202005,PE,EXTRACAD,761630400.0,1178979
202005,PI,BOLSA FAMILIA,491823000.0,656700
202005,PI,CADUNICO,116105400.0,177418
202005,PI,EXTRACAD,250125000.0,391250
202005,PR,BOLSA FAMILIA,383786400.0,486346
202005,PR,CADUNICO,417127800.0,627987
202005,PR,EXTRACAD,1059497400.0,1613860
202005,RJ,BOLSA FAMILIA,993148800.0,1175380
202005,RJ,CADUNICO,406524000.0,587326
202005,RJ,EXTRACAD,2002125000.0,3031707
202005,RN,BOLSA FAMILIA,398546400.0,522370
202005,RN,CADUNICO,137749200.0,211973
202005,RN,EXTRACAD,285115200.0,434741
202005,RO,BOLSA FAMILIA,90736200.0,113703
202005,RO,CADUNICO,81385200.0,122797
202005,RO,EXTRACAD,191769600.0,285645
202005,RR,BOLSA FAMILIA,55807200.0,71142
202005,RR,CADUNICO,25377600.0,36409
202005,RR,EXTRACAD,62698800.0,92550
202005,RS,BOLSA FAMILIA,361144200.0,433990
202005,RS,CADUNICO,241675800.0,353852
202005,RS,EXTRACAD,963955200.0,1435467
202005,SC,BOLSA FAMILIA,122253000.0,152736
202005,SC,CADUNICO,118825800.0,174636
202005,SC,EXTRACAD,685789800.0,1020377
202005,SE,BOLSA FAMILIA,303489000.0,383878
202005,SE,CADUNICO,92547600.0,139049
202005,SE,EXTRACAD,180313800.0,279648
202005,SP,BOLSA FAMILIA,1615336800.0,1935730
202005,SP,CADUNICO,1226241000.0,1785437
202005,SP,EXTRACAD,4594109400.0,6975436
202005,TO,BOLSA FAMILIA,128492400.0,165332
202005,TO,CADUNICO,79230600.0,121310
202005,TO,EXTRACAD,127275600.0,195589
202006,AC,BOLSA FAMILIA,104766000.0,140807
202006,AC,CADUNICO,7888800.0,11715
202006,AC,EXTRACAD,36979200.0,56726
202006,AL,BOLSA FAMILIA,440917800.0,554880
202006,AL,CADUNICO,35061000.0,52594
202006,AL,EXTRACAD,122685600.0,188490
202006,AM,BOLSA FAMILIA,469507200.0,595307
202006,AM,CADUNICO,39821400.0,57949
202006,AM,EXTRACAD,199837800.0,302358
202006,AP,BOLSA FAMILIA,90505800.0,105549
202006,AP,CADUNICO,10369800.0,14399
202006,AP,EXTRACAD,42534000.0,63966
202006,BA,BOLSA FAMILIA,1984627800.0,2597951
202006,BA,CADUNICO,189569400.0,287486
202006,BA,EXTRACAD,563773200.0,874248
202006,CE,BOLSA FAMILIA,1198966200.0,1582917
202006,CE,CADUNICO,122698800.0,188442
202006,CE,EXTRACAD,316888200.0,492918
202006,DF,BOLSA FAMILIA,88202400.0,101072
202006,DF,CADUNICO,12682200.0,17901
202006,DF,EXTRACAD,164871000.0,245758
202006,ES,BOLSA FAMILIA,206826600.0,263513
202006,ES,CADUNICO,45845400.0,70001
202006,ES,EXTRACAD,218099400.0,335179
202006,GO,BOLSA FAMILIA,324394800.0,382040
202006,GO,CADUNICO,74848800.0,110063
202006,GO,EXTRACAD,398845200.0,605510
202006,MA,BOLSA FAMILIA,1062220200.0,1344514
202006,MA,CADUNICO,69481800.0,104544
202006,MA,EXTRACAD,224892600.0,353275
202006,MG,BOLSA FAMILIA,1118393400.0,1437301
202006,MG,CADUNICO,225562800.0,343178
202006,MG,EXTRACAD,983842800.0,1523176
202006,MS,BOLSA FAMILIA,132945000.0,159796
202006,MS,CADUNICO,38986800.0,57712
202006,MS,EXTRACAD,133501800.0,200412
202006,MT,BOLSA FAMILIA,167102400.0,196359
202006,MT,CADUNICO,47516400.0,69983
202006,MT,EXTRACAD,185146200.0,276372
202006,PA,BOLSA FAMILIA,1085665200.0,1375419
202006,PA,CADUNICO,107502600.0,160092
202006,PA,EXTRACAD,343984800.0,529915
202006,PB,BOLSA FAMILIA,559593600.0,739564
202006,PB,CADUNICO,42651000.0,65061
202006,PB,EXTRACAD,138472200.0,217060
202006,PE,BOLSA FAMILIA,1240916400.0,1565550
202006,PE,CADUNICO,118513200.0,178345
202006,PE,EXTRACAD,355451400.0,549922
202006,PI,BOLSA FAMILIA,492470400.0,657447
202006,PI,CADUNICO,36342600.0,55610
202006,PI,EXTRACAD,114571200.0,178941
202006,PR,BOLSA FAMILIA,384610200.0,487288
202006,PR,CADUNICO,130071600.0,195898
202006,PR,EXTRACAD,555356400.0,850138
202006,RJ,BOLSA FAMILIA,996622800.0,1179214
202006,RJ,CADUNICO,132397800.0,191057
202006,RJ,EXTRACAD,1029660600.0,1566140
202006,RN,BOLSA FAMILIA,399190800.0,523175
202006,RN,CADUNICO,44122200.0,67917
202006,RN,EXTRACAD,132908400.0,203094
202006,RO,BOLSA FAMILIA,91026600.0,114043
202006,RO,CADUNICO,25174800.0,37955
202006,RO,EXTRACAD,97844400.0,146685
202006,RR,BOLSA FAMILIA,56108400.0,71530
202006,RR,CADUNICO,7747800.0,11141
202006,RR,EXTRACAD,34746000.0,51574
202006,RS,BOLSA FAMILIA,362673000.0,435876
202006,RS,CADUNICO,76217400.0,111640
202006,RS,EXTRACAD,505378200.0,758971
202006,SC,BOLSA FAMILIA,122535600.0,153051
202006,SC,CADUNICO,37164600.0,54702
202006,SC,EXTRACAD,361965600.0,542859
202006,SE,BOLSA FAMILIA,303901800.0,384273
202006,SE,CADUNICO,29270400.0,44015
202006,SE,EXTRACAD,81582600.0,126250
202006,SP,BOLSA FAMILIA,1617167400.0,1937308
202006,SP,CADUNICO,393096000.0,572262
202006,SP,EXTRACAD,2364760200.0,3601915
202006,TO,BOLSA FAMILIA,128770800.0,165642
202006,TO,CADUNICO,22819200.0,34949
202006,TO,EXTRACAD,57412800.0,88000
202007,AC,BOLSA FAMILIA,104402400.0,140444
202007,AC,CADUNICO,24691800.0,36662
202007,AC,EXTRACAD,81500400.0,124701
202007,AL,BOLSA FAMILIA,440793600.0,555049
202007,AL,CADUNICO,110665200.0,165773
202007,AL,EXTRACAD,284550000.0,436446
202007,AM,BOLSA FAMILIA,468370200.0,594214
202007,AM,CADUNICO,123634200.0,179698
202007,AM,EXTRACAD,431610000.0,652091
202007,AP,BOLSA FAMILIA,90600600.0,105710
202007,AP,CADUNICO,33207000.0,46074
202007,AP,EXTRACAD,97725000.0,146578
202007,BA,BOLSA FAMILIA,1971532800.0,2582209
202007,BA,CADUNICO,573756000.0,870258
202007,BA,EXTRACAD,1274056800.0,1975832
202007,CE,BOLSA FAMILIA,1193693400.0,1576743
202007,CE,CADUNICO,371486400.0,570526
202007,CE,EXTRACAD,714193200.0,1109694
202007,DF,BOLSA FAMILIA,88061400.0,100981
202007,DF,CADUNICO,40176000.0,56522
202007,DF,EXTRACAD,352549800.0,523493
202007,ES,BOLSA FAMILIA,206327400.0,263067
202007,ES,CADUNICO,140636400.0,214946
202007,ES,EXTRACAD,446274600.0,682350
202007,GO,BOLSA FAMILIA,322652400.0,380406
202007,GO,CADUNICO,240714000.0,354152
202007,GO,EXTRACAD,851095800.0,1287960
202007,MA,BOLSA FAMILIA,1033197600.0,1309522
202007,MA,CADUNICO,229561800.0,345480
202007,MA,EXTRACAD,535276800.0,840225
202007,MG,BOLSA FAMILIA,1114752600.0,1433580
202007,MG,CADUNICO,707818800.0,1077373
202007,MG,EXTRACAD,2070539400.0,3196741
202007,MS,BOLSA FAMILIA,132504000.0,159440
202007,MS,CADUNICO,120041400.0,177863
202007,MS,EXTRACAD,278088000.0,415913
202007,MT,BOLSA FAMILIA,167106600.0,196528
202007,MT,CADUNICO,151602000.0,223706
202007,MT,EXTRACAD,395446200.0,588285
202007,PA,BOLSA FAMILIA,1087339800.0,1378090
202007,PA,CADUNICO,350195400.0,521296
202007,PA,EXTRACAD,794736000.0,1222032
202007,PB,BOLSA FAMILIA,553589400.0,732243
202007,PB,CADUNICO,129108600.0,196895
202007,PB,EXTRACAD,311695200.0,487974
202007,PE,BOLSA FAMILIA,1236856200.0,1561087
202007,PE,CADUNICO,364411200.0,547533
202007,PE,EXTRACAD,814873800.0,1261536
202007,PI,BOLSA FAMILIA,492100200.0,657180
202007,PI,CADUNICO,114281400.0,174529
202007,PI,EXTRACAD,262098600.0,409354
202007,PR,BOLSA FAMILIA,382908000.0,485472
202007,PR,CADUNICO,407117400.0,612858
202007,PR,EXTRACAD,1137112200.0,1733676
202007,RJ,BOLSA FAMILIA,991880400.0,1174443
202007,RJ,CADUNICO,398010600.0,574602
202007,RJ,EXTRACAD,2181889200.0,3305707
202007,RN,BOLSA FAMILIA,396436800.0,519820
202007,RN,CADUNICO,133853400.0,205972
202007,RN,EXTRACAD,298426200.0,454937
202007,RO,BOLSA FAMILIA,90844800.0,113892
202007,RO,CADUNICO,80348400.0,121194
202007,RO,EXTRACAD,205879800.0,306898
202007,RR,BOLSA FAMILIA,55911600.0,71322
202007,RR,CADUNICO,24767400.0,35521
202007,RR,EXTRACAD,70994400.0,104774
202007,RS,BOLSA FAMILIA,361975800.0,435379
202007,RS,CADUNICO,240021000.0,351396
202007,RS,EXTRACAD,1081810200.0,1618657
202007,SC,BOLSA FAMILIA,121837800.0,152302
202007,SC,CADUNICO,117154800.0,172171
202007,SC,EXTRACAD,745438200.0,1111192
202007,SE,BOLSA FAMILIA,302658600.0,382873
202007,SE,CADUNICO,89810400.0,134898
202007,SE,EXTRACAD,187918200.0,290891
202007,SP,BOLSA FAMILIA,1610820000.0,1931161
202007,SP,CADUNICO,1210102200.0,1761778
202007,SP,EXTRACAD,4952700600.0,7525076
202007,TO,BOLSA FAMILIA,127591200.0,164328
202007,TO,CADUNICO,77339400.0,118475
202007,TO,EXTRACAD,133771200.0,205205
202008,AC,BOLSA FAMILIA,99909600.0,133045
202008,AC,CADUNICO,18864000.0,28062
202008,AC,EXTRACAD,69784200.0,106926
202008,AL,BOLSA FAMILIA,431767800.0,540356
202008,AL,CADUNICO,82594800.0,123581
202008,AL,EXTRACAD,238027200.0,365482
202008,AM,BOLSA FAMILIA,450745200.0,565576
202008,AM,CADUNICO,95312400.0,138672
202008,AM,EXTRACAD,378625200.0,572485
202008,AP,BOLSA FAMILIA,88419000.0,102238
202008,AP,CADUNICO,25391400.0,35226
202008,AP,EXTRACAD,83184600.0,124855
202008,BA,BOLSA FAMILIA,1924410000.0,2504370
202008,BA,CADUNICO,426321600.0,646567
202008,BA,EXTRACAD,1066597800.0,1653002
202008,CE,BOLSA FAMILIA,1174702200.0,1545379
202008,CE,CADUNICO,276274200.0,424409
202008,CE,EXTRACAD,599857800.0,931625
202008,DF,BOLSA FAMILIA,87798600.0,100330
202008,DF,CADUNICO,31052400.0,43763
202008,DF,EXTRACAD,311707200.0,463284
202008,ES,BOLSA FAMILIA,204889200.0,260481
202008,ES,CADUNICO,104640600.0,159971
202008,ES,EXTRACAD,390678000.0,598079
202008,GO,BOLSA FAMILIA,317112000.0,370928
202008,GO,CADUNICO,183141600.0,269515
202008,GO,EXTRACAD,749986800.0,1135582
202008,MA,BOLSA FAMILIA,998717400.0,1252474
202008,MA,CADUNICO,175954800.0,264898
202008,MA,EXTRACAD,463809600.0,728526
202008,MG,BOLSA FAMILIA,1097656800.0,1403951
202008,MG,CADUNICO,528922800.0,805108
202008,MG,EXTRACAD,1811054400.0,2796408
202008,MS,BOLSA FAMILIA,130668600.0,155995
202008,MS,CADUNICO,93505200.0,138896
202008,MS,EXTRACAD,246090600.0,368736
202008,MT,BOLSA FAMILIA,164104800.0,191431
202008,MT,CADUNICO,114582600.0,169298
202008,MT,EXTRACAD,345592200.0,514901
202008,PA,BOLSA FAMILIA,1055632800.0,1325512
202008,PA,CADUNICO,269736600.0,401782
202008,PA,EXTRACAD,686817000.0,1056758
202008,PB,BOLSA FAMILIA,541562400.0,712334
202008,PB,CADUNICO,95748000.0,146003
202008,PB,EXTRACAD,260230800.0,407156
202008,PE,BOLSA FAMILIA,1221394800.0,1533288
202008,PE,CADUNICO,274220400.0,412290
202008,PE,EXTRACAD,681550200.0,1054245
202008,PI,BOLSA FAMILIA,479277600.0,636163
202008,PI,CADUNICO,86888400.0,132713
202008,PI,EXTRACAD,223255200.0,348695
202008,PR,BOLSA FAMILIA,379972200.0,479706
202008,PR,CADUNICO,306979800.0,462361
202008,PR,EXTRACAD,1010568600.0,1541387
202008,RJ,BOLSA FAMILIA,979500000.0,1153874
202008,RJ,CADUNICO,301766400.0,436067
202008,RJ,EXTRACAD,1878740980.0,2848739
202008,RN,BOLSA FAMILIA,391543200.0,511771
202008,RN,CADUNICO,100134000.0,154137
202008,RN,EXTRACAD,251818800.0,383903
202008,RO,BOLSA FAMILIA,89239800.0,111222
202008,RO,CADUNICO,61338600.0,92567
202008,RO,EXTRACAD,181540800.0,271098
202008,RR,BOLSA FAMILIA,53298000.0,67406
202008,RR,CADUNICO,19686000.0,28307
202008,RR,EXTRACAD,64555200.0,95635
202008,RS,BOLSA FAMILIA,373179600.0,449375
202008,RS,CADUNICO,188119800.0,276550
202008,RS,EXTRACAD,959350200.0,1435395
202008,SC,BOLSA FAMILIA,123360600.0,153945
202008,SC,CADUNICO,89007600.0,130911
202008,SC,EXTRACAD,667146600.0,995296
202008,SE,BOLSA FAMILIA,297532200.0,374404
202008,SE,CADUNICO,66653400.0,100087
202008,SE,EXTRACAD,156782400.0,242569
202008,SP,BOLSA FAMILIA,1601157000.0,1911456
202008,SP,CADUNICO,905803800.0,1318791
202008,SP,EXTRACAD,4346784000.0,6603665
202008,TO,BOLSA FAMILIA,124249200.0,158855
202008,TO,CADUNICO,59650200.0,91394
202008,TO,EXTRACAD,116269200.0,178473
202009,AC,BOLSA FAMILIA,24825887.0,111318
202009,AC,CADUNICO,22441800.0,34558
202009,AC,EXTRACAD,86050500.0,134709
202009,AL,BOLSA FAMILIA,127452786.0,477682
202009,AL,CADUNICO,97080000.0,151144
202009,AL,EXTRACAD,289814100.0,455809
202009,AM,BOLSA FAMILIA,126329704.0,485992
202009,AM,CADUNICO,112297800.0,169740
202009,AM,EXTRACAD,467126100.0,722223
202009,AP,BOLSA FAMILIA,24392359.0,85680
202009,AP,CADUNICO,30177000.0,43426
202009,AP,EXTRACAD,102173400.0,157232
202009,BA,BOLSA FAMILIA,582246835.0,2254972
202009,BA,CADUNICO,520605000.0,821067
202009,BA,EXTRACAD,1333019100.0,2117648
202009,CE,BOLSA FAMILIA,359977727.0,1407733
202009,CE,CADUNICO,340215000.0,543722
202009,CE,EXTRACAD,753296400.0,1199163
202009,DF,BOLSA FAMILIA,27258145.0,85586
202009,DF,CADUNICO,36759600.0,53732
202009,DF,EXTRACAD,385368000.0,585460
202009,ES,BOLSA FAMILIA,63389844.0,230026
202009,ES,CADUNICO,127717200.0,202849
202009,ES,EXTRACAD,490708800.0,766605
202009,GO,BOLSA FAMILIA,102806218.0,324464
202009,GO,CADUNICO,216018900.0,329293
202009,GO,EXTRACAD,923232300.0,1425461
202009,MA,BOLSA FAMILIA,286264019.0,1091867
202009,MA,CADUNICO,205806600.0,322619
202009,MA,EXTRACAD,552736800.0,891640
202009,MG,BOLSA FAMILIA,332450948.0,1230876
202009,MG,CADUNICO,631359000.0,996922
202009,MG,EXTRACAD,2244605526.0,3539534
202009,MS,BOLSA FAMILIA,40588199.0,134332
202009,MS,CADUNICO,110747700.0,170587
202009,MS,EXTRACAD,306740400.0,469195
202009,MT,BOLSA FAMILIA,52120158.0,165521
202009,MT,CADUNICO,136461900.0,209001
202009,MT,EXTRACAD,429061200.0,651808
202009,PA,BOLSA FAMILIA,314016462.0,1164708
202009,PA,CADUNICO,311845200.0,482491
202009,PA,EXTRACAD,831172200.0,1309896
202009,PB,BOLSA FAMILIA,159605982.0,647960
202009,PB,CADUNICO,118378200.0,187651
202009,PB,EXTRACAD,327413200.0,524834
202009,PE,BOLSA FAMILIA,384149674.0,1393776
202009,PE,CADUNICO,348982800.0,545898
202009,PE,EXTRACAD,895468980.0,1421465
202009,PI,BOLSA FAMILIA,137235010.0,573942
202009,PI,CADUNICO,103278900.0,164602
202009,PI,EXTRACAD,274134000.0,439522
202009,PR,BOLSA FAMILIA,121002656.0,422286
202009,PR,CADUNICO,370386300.0,579618
202009,PR,EXTRACAD,1262431140.0,1964342
202009,RJ,BOLSA FAMILIA,295666796.0,1004898
202009,RJ,CADUNICO,364122600.0,545971
202009,RJ,EXTRACAD,2350786160.0,3645191
202009,RN,BOLSA FAMILIA,120048046.0,463681
202009,RN,CADUNICO,123191700.0,196871
202009,RN,EXTRACAD,314668500.0,491076
202009,RO,BOLSA FAMILIA,30019610.0,100715
202009,RO,CADUNICO,72789300.0,114013
202009,RO,EXTRACAD,223932900.0,341124
202009,RR,BOLSA FAMILIA,15032201.0,56908
202009,RR,CADUNICO,22355400.0,33316
202009,RR,EXTRACAD,78311400.0,118222
202009,RS,BOLSA FAMILIA,129897107.0,396088
202009,RS,CADUNICO,242431800.0,370902
202009,RS,EXTRACAD,1253401250.0,1926260
202009,SC,BOLSA FAMILIA,39731934.0,132060
202009,SC,CADUNICO,109894500.0,167981
202009,SC,EXTRACAD,845184680.0,1289253
202009,SE,BOLSA FAMILIA,93411250.0,337504
202009,SE,CADUNICO,81200400.0,126770
202009,SE,EXTRACAD,194634600.0,308474
202009,SP,BOLSA FAMILIA,497858118.0,1661250
202009,SP,CADUNICO,1106413200.0,1673040
202009,SP,EXTRACAD,5470781700.0,8485426
202009,TO,BOLSA FAMILIA,37518747.0,140417
202009,TO,CADUNICO,69610800.0,110496
202009,TO,EXTRACAD,141480300.0,221782
202010,AC,BOLSA FAMILIA,23889390.0,109432
202010,AC,CADUNICO,10010100.0,29577
202010,AC,EXTRACAD,55470900.0,119605
202010,AL,BOLSA FAMILIA,124965279.0,471668
202010,AL,CADUNICO,43890900.0,130850
202010,AL,EXTRACAD,183451771.0,406181
202010,AM,BOLSA FAMILIA,121190415.0,478585
202010,AM,CADUNICO,50051400.0,144531
202010,AM,EXTRACAD,304962900.0,640685
202010,AP,BOLSA FAMILIA,23572649.0,83970
202010,AP,CADUNICO,13393800.0,36791
202010,AP,EXTRACAD,64545900.0,139286
202010,BA,BOLSA FAMILIA,571180782.0,2229402
202010,BA,CADUNICO,234508800.0,708559
202010,BA,EXTRACAD,849380600.0,1898455
202010,CE,BOLSA FAMILIA,354931895.0,1394254
202010,CE,CADUNICO,154300800.0,472049
202010,CE,EXTRACAD,479845500.0,1076303
202010,DF,BOLSA FAMILIA,26268870.0,84247
202010,DF,CADUNICO,15936300.0,44408
202010,DF,EXTRACAD,251104200.0,516691
202010,ES,BOLSA FAMILIA,61966699.0,226841
202010,ES,CADUNICO,56666400.0,172568
202010,ES,EXTRACAD,329271900.0,682958
202010,GO,BOLSA FAMILIA,99405896.0,318948
202010,GO,CADUNICO,95101800.0,277649
202010,GO,EXTRACAD,607779900.0,1258080
202010,MA,BOLSA FAMILIA,277027833.0,1071941
202010,MA,CADUNICO,92192100.0,276174
202010,MA,EXTRACAD,341653500.0,785161
202010,MG,BOLSA FAMILIA,322904919.0,1211133
202010,MG,CADUNICO,276643200.0,837600
202010,MG,EXTRACAD,1478909800.0,3130272
202010,MS,BOLSA FAMILIA,38683321.0,131544
202010,MS,CADUNICO,47807700.0,140973
202010,MS,EXTRACAD,201128100.0,410686
202010,MT,BOLSA FAMILIA,50251906.0,162292
202010,MT,CADUNICO,59186400.0,174136
202010,MT,EXTRACAD,278708700.0,568863
202010,PA,BOLSA FAMILIA,304151653.0,1138805
202010,PA,CADUNICO,138984300.0,411844
202010,PA,EXTRACAD,524314500.0,1156254
202010,PB,BOLSA FAMILIA,156478123.0,638845
202010,PB,CADUNICO,53855700.0,163480
202010,PB,EXTRACAD,208186500.0,468445
202010,PE,BOLSA FAMILIA,377612522.0,1378598
202010,PE,CADUNICO,152822100.0,457659
202010,PE,EXTRACAD,550952400.0,1227342
202010,PI,BOLSA FAMILIA,134353976.0,567611
202010,PI,CADUNICO,46184100.0,140606
202010,PI,EXTRACAD,171608700.0,389588
202010,PR,BOLSA FAMILIA,117100737.0,413402
202010,PR,CADUNICO,162534300.0,487698
202010,PR,EXTRACAD,842167384.0,1735813
202010,RJ,BOLSA FAMILIA,287085936.0,992590
202010,RJ,CADUNICO,162093000.0,464180
202010,RJ,EXTRACAD,1550390000.0,3263198
202010,RN,BOLSA FAMILIA,117635659.0,457115
202010,RN,CADUNICO,55583700.0,170473
202010,RN,EXTRACAD,199652700.0,439256
202010,RO,BOLSA FAMILIA,29158955.0,99137
202010,RO,CADUNICO,32472300.0,97601
202010,RO,EXTRACAD,146375700.0,302204
202010,RR,BOLSA FAMILIA,14463271.0,55864
202010,RR,CADUNICO,9894000.0,28158
202010,RR,EXTRACAD,52292100.0,104636
202010,RS,BOLSA FAMILIA,125270939.0,388931
202010,RS,CADUNICO,98523600.0,287337
202010,RS,EXTRACAD,794552690.0,1637931
202010,SC,BOLSA FAMILIA,37955688.0,128776
202010,SC,CADUNICO,46394700.0,135700
202010,SC,EXTRACAD,557864500.0,1124290
202010,SE,BOLSA FAMILIA,91881207.0,333678
202010,SE,CADUNICO,36752700.0,109999
202010,SE,EXTRACAD,122810700.0,276632
202010,SP,BOLSA FAMILIA,481975450.0,1634945
202010,SP,CADUNICO,480875400.0,1389868
202010,SP,EXTRACAD,3637820100.0,7505056
202010,TO,BOLSA FAMILIA,36588043.0,138010
202010,TO,CADUNICO,30656400.0,93531
202010,TO,EXTRACAD,90287600.0,196755
202011,AC,BOLSA FAMILIA,23553221.0,108578
202011,AC,CADUNICO,16097100.0,47559
202011,AC,EXTRACAD,73236600.0,190470
202011,AL,BOLSA FAMILIA,122993829.0,466311
202011,AL,CADUNICO,70542900.0,210462
202011,AL,EXTRACAD,244187400.0,645914
202011,AM,BOLSA FAMILIA,119925415.0,475097
202011,AM,CADUNICO,80082300.0,231425
202011,AM,EXTRACAD,397990800.0,1013165
202011,AP,BOLSA FAMILIA,23364936.0,83475
202011,AP,CADUNICO,21308400.0,58597
202011,AP,EXTRACAD,86562300.0,221579
202011,BA,BOLSA FAMILIA,564033608.0,2208441
202011,BA,CADUNICO,377702400.0,1141117
202011,BA,EXTRACAD,1140169500.0,3038456
202011,CE,BOLSA FAMILIA,351536162.0,1385242
202011,CE,CADUNICO,247899880.0,758155
202011,CE,EXTRACAD,639961200.0,1718489
202011,DF,BOLSA FAMILIA,25880543.0,83294
202011,DF,CADUNICO,25560000.0,71173
202011,DF,EXTRACAD,330034500.0,815441
202011,ES,BOLSA FAMILIA,60898947.0,224045
202011,ES,CADUNICO,90579000.0,275577
202011,ES,EXTRACAD,428748800.0,1082192
202011,GO,BOLSA FAMILIA,97786205.0,315045
202011,GO,CADUNICO,150576900.0,439396
202011,GO,EXTRACAD,787313400.0,1977740
202011,MA,BOLSA FAMILIA,273146212.0,1061142
202011,MA,CADUNICO,145949400.0,437256
202011,MA,EXTRACAD,459358200.0,1238581
202011,MG,BOLSA FAMILIA,317889323.0,1197734
202011,MG,CADUNICO,439933500.0,1331694
202011,MG,EXTRACAD,1930546000.0,4943073
202011,MS,BOLSA FAMILIA,37896925.0,129725
202011,MS,CADUNICO,76521300.0,225208
202011,MS,EXTRACAD,265483800.0,650843
202011,MT,BOLSA FAMILIA,49135126.0,159886
202011,MT,CADUNICO,93557100.0,274920
202011,MT,EXTRACAD,362871900.0,890353
202011,PA,BOLSA FAMILIA,298162635.0,1119154
202011,PA,CADUNICO,221595600.0,656298
202011,PA,EXTRACAD,697698900.0,1827889
202011,PB,BOLSA FAMILIA,155032663.0,634207
202011,PB,CADUNICO,86512800.0,262657
202011,PB,EXTRACAD,277656940.0,747134
202011,PE,BOLSA FAMILIA,373440582.0,1367162
202011,PE,CADUNICO,246431100.0,738187
202011,PE,EXTRACAD,740708700.0,1962672
202011,PI,BOLSA FAMILIA,132982268.0,563533
202011,PI,CADUNICO,74389500.0,226215
202011,PI,EXTRACAD,231074400.0,620897
202011,PR,BOLSA FAMILIA,114143547.0,406974
202011,PR,CADUNICO,257550240.0,772111
202011,PR,EXTRACAD,1088899500.0,2724577
202011,RJ,BOLSA FAMILIA,283335258.0,982787
202011,RJ,CADUNICO,259715700.0,743603
202011,RJ,EXTRACAD,2032762300.0,5216026
202011,RN,BOLSA FAMILIA,116300038.0,453578
202011,RN,CADUNICO,89304900.0,273878
202011,RN,EXTRACAD,265401000.0,697570
202011,RO,BOLSA FAMILIA,28750469.0,98256
202011,RO,CADUNICO,51384300.0,154292
202011,RO,EXTRACAD,192455700.0,477481
202011,RR,BOLSA FAMILIA,14196126.0,55213
202011,RR,CADUNICO,15879000.0,45210
202011,RR,EXTRACAD,69468900.0,166345
202011,RS,BOLSA FAMILIA,122243835.0,383448
202011,RS,CADUNICO,158531320.0,460018
202011,RS,EXTRACAD,1059509560.0,2589385
202011,SC,BOLSA FAMILIA,36684984.0,125857
202011,SC,CADUNICO,73116900.0,213491
202011,SC,EXTRACAD,723223200.0,1749439
202011,SE,BOLSA FAMILIA,90943590.0,331231
202011,SE,CADUNICO,59367000.0,177659
202011,SE,EXTRACAD,166148100.0,443186
202011,SP,BOLSA FAMILIA,472661249.0,1611356
202011,SP,CADUNICO,768435600.0,2220860
202011,SP,EXTRACAD,4714583400.0,11848781
202011,TO,BOLSA FAMILIA,35991032.0,136509
202011,TO,CADUNICO,47962800.0,146341
202011,TO,EXTRACAD,118241700.0,306034
202012,AC,BOLSA FAMILIA,23031349.0,106198
202012,AC,CADUNICO,16047900.0,47218
202012,AC,EXTRACAD,63967800.0,187628
202012,AL,BOLSA FAMILIA,121589959.0,461525
202012,AL,CADUNICO,70300500.0,208277
202012,AL,EXTRACAD,215433000.0,629309
202012,AM,BOLSA FAMILIA,117307715.0,466763
202012,AM,CADUNICO,81450300.0,234043
202012,AM,EXTRACAD,346189500.0,1006762
202012,AP,BOLSA FAMILIA,23068689.0,82677
202012,AP,CADUNICO,21799500.0,59658
202012,AP,EXTRACAD,76551000.0,221457
202012,BA,BOLSA FAMILIA,559711925.0,2186398
202012,BA,CADUNICO,378053700.0,1135432
202012,BA,EXTRACAD,1022613900.0,2999906
202012,CE,BOLSA FAMILIA,349012179.0,1374536
202012,CE,CADUNICO,247327500.0,752560
202012,CE,EXTRACAD,575457900.0,1698271
202012,DF,BOLSA FAMILIA,25801169.0,82218
202012,DF,CADUNICO,26084400.0,72090
202012,DF,EXTRACAD,294036300.0,813198
202012,ES,BOLSA FAMILIA,60735149.0,220995
202012,ES,CADUNICO,90434700.0,273868
202012,ES,EXTRACAD,371732100.0,1065528
202012,GO,BOLSA FAMILIA,97344157.0,310960
202012,GO,CADUNICO,154663800.0,448448
202012,GO,EXTRACAD,700508700.0,1987184
202012,MA,BOLSA FAMILIA,273680781.0,1051396
202012,MA,CADUNICO,153147000.0,456376
202012,MA,EXTRACAD,422296200.0,1274649
202012,MG,BOLSA FAMILIA,317329462.0,1182494
202012,MG,CADUNICO,444078300.0,1336244
202012,MG,EXTRACAD,1703481000.0,4907787
202012,MS,BOLSA FAMILIA,37338340.0,127553
202012,MS,CADUNICO,76293600.0,223717
202012,MS,EXTRACAD,231118839.0,639082
202012,MT,BOLSA FAMILIA,48703569.0,156987
202012,MT,CADUNICO,94734000.0,276673
202012,MT,EXTRACAD,319383600.0,883727
202012,PA,BOLSA FAMILIA,295931078.0,1100166
202012,PA,CADUNICO,226050300.0,667009
202012,PA,EXTRACAD,619140000.0,1831190
202012,PB,BOLSA FAMILIA,153150864.0,628911
202012,PB,CADUNICO,85784700.0,258768
202012,PB,EXTRACAD,245347800.0,729004
202012,PE,BOLSA FAMILIA,361755019.0,1354592
202012,PE,CADUNICO,245812640.0,732076
202012,PE,EXTRACAD,661644000.0,1929114
202012,PI,BOLSA FAMILIA,131749469.0,557855
202012,PI,CADUNICO,76065900.0,230073
202012,PI,EXTRACAD,209946900.0,625890
202012,PR,BOLSA FAMILIA,113761998.0,400116
202012,PR,CADUNICO,260245800.0,773878
202012,PR,EXTRACAD,959475000.0,2706893
202012,RJ,BOLSA FAMILIA,281630782.0,971106
202012,RJ,CADUNICO,257349900.0,732742
202012,RJ,EXTRACAD,1757324191.0,5062610
202012,RN,BOLSA FAMILIA,115326158.0,449568
202012,RN,CADUNICO,88659900.0,269889
202012,RN,EXTRACAD,236313000.0,683172
202012,RO,BOLSA FAMILIA,28584162.0,97232
202012,RO,CADUNICO,52365000.0,156315
202012,RO,EXTRACAD,169789500.0,479152
202012,RR,BOLSA FAMILIA,13967335.0,54435
202012,RR,CADUNICO,16167900.0,45720
202012,RR,EXTRACAD,58967400.0,166641
202012,RS,BOLSA FAMILIA,112610326.0,376001
202012,RS,CADUNICO,159895500.0,461219
202012,RS,EXTRACAD,945150860.0,2580540
202012,SC,BOLSA FAMILIA,35083788.0,122540
202012,SC,CADUNICO,74093700.0,214243
202012,SC,EXTRACAD,639276000.0,1736220
202012,SE,BOLSA FAMILIA,89974793.0,326998
202012,SE,CADUNICO,58523700.0,173738
202012,SE,EXTRACAD,148478220.0,433487
202012,SP,BOLSA FAMILIA,471381509.0,1584958
202012,SP,CADUNICO,764566200.0,2200871
202012,SP,EXTRACAD,4089507570.0,11586571
202012,TO,BOLSA FAMILIA,35765292.0,135166
202012,TO,CADUNICO,50355600.0,152392
202012,TO,EXTRACAD,108293400.0,313198
